Name / Title,URL,Description
Farm pets for MoP Classic : r/classicwow,https://www.reddit.com/r/classicwow/comments/1lg26g9/farm_pets_for_mop_classic/,"As soon as PrePatch hits you should try gettingChrominius, Anubisath Idol and Unborn Val'kyr. Those are quite Important for the Legendary Pet Battles."
Battle Pets Tier List & Strongest Pets in Mists of Pandaria ...,https://www.wowhead.com/mop-classic/guide/battle-pets-tier-list,"Tier List - Best Battle Pets in Mists of Pandaria Classic ·Snails· Water Striders · Feline Familiar · Pterrordax Hatchling · Tiny Snowman · Winter's Little Helper, ..."
Best Battle Pet in MoP: Tier List 2025,https://www.zockify.com/mop/pet-battle/tier-list/,04.08.2025—MoP Battle Pet Best Battle Pets ·Anubisath Idol (Humanoid) · Emerald Proto-Whelp (Dragonkin) · Chrominius (Dragonkin) · Darkmoon Zeppelin ( ...
Best Battle Pet Teams for MoP Classic - Wowhead,https://www.wowhead.com/mop-classic/guide/best-battle-pet-teams-tamer-strategies,"25.10.2025—This guide covers locations, Tamer summaries, and suggested counters and strategies to defeat each Tamer."
Best Battle Pets MoP Classic - Tier List,https://blazingboost.com/wow-classic-mists-of-pandaria/best-battle-pets-tier-list,"MoP ClassicBestBattle PetsTier List ; A-Tier, Mechanical Pandaren Dragonling, Gilnean Raven, Crow, Nether Faerie Dragon, Oozelings, Frogs, Moths, Blighthawk, ..."
MoP Pre-Turnip Best Wild Pet Battle Team,https://us.forums.blizzard.com/en/wow/t/mop-pre-turnip-best-wild-pet-battle-team/2128782,"07.07.2025—I've been using amoth and a yeti, plus my leveling pet. Cocoon Strike does very little damage so it's good for not going too far on a pet you ..."
Pet Battles in Mists of Pandaria Classic,https://overgear.com/guides/mists-of-pandaria-classic/pet-battles/?srsltid=AfmBOorVF11V9A8G-etNaKHgAMbUFphWqkN4selgSjywpmfqrA6hUB1o,"02.07.2025—Guide to pets in Mists of Pandaria Classic.Learn everything about collecting the best MoP Classic pets, and how to battle them!"
Anubisath Idol - NPC - Mists of Pandaria Classic - Wowhead,"https://www.wowhead.com/mop-classic/npc=68659/anubisath-idol#:~:text=His%20Sandstorm%20ability%20makes%20this,Chirrup%20and%20his%20Swarm%20ability.",No description found
Best Pet for PVP Classic Wow Hunter Site www.reddit.com - Oreate AI Blog,"https://www.oreateai.com/blog/best-pet-for-pvp-classic-wow-hunter-site-wwwredditcom/a9c1c2eadf2fed9b8debcc25a8a9af3a#:~:text=Often%20regarded%20as%20one%20of,they're%20formidable%20companions%20indeed!",No description found
Classic Hunter DPS Pets Guide - WoW Classic - Icy Veins,"https://www.icy-veins.com/wow-classic/hunter-dps-pets-guide#:~:text=Cats%20(Bite%20and%20Claw)%2C,more%20choices%20to%20work%20with.",No description found
