Name / Title,URL
Die 12 besten Lead Generation Tools vorgestellt,https://blog.hubspot.de/marketing/lead-generation-tools
7 Ways to Leverage ChatGPT for Lead Generation (with Prompts) - Podium,"https://www.podium.com/article/chatgpt-lead-generation#:~:text=ChatGPT%20lead%20generation%20can%20help,of%20capturing%20high%2Dquality%20leads."
The Modern Rules of Lead Response Time - LeanData,"https://www.leandata.com/blog/the-modern-rules-of-lead-response-time/#:~:text=A%20study%20by%20LeadResponseManagement.org,within%20that%20same%20first%20hour."
Free Lead Generation Tools? : r/CRMSoftware,https://www.reddit.com/r/CRMSoftware/comments/1lo4ab2/free_lead_generation_tools/
10 Strategies for Sales Teams to Generate Leads - Salesforce,"https://www.salesforce.com/sales/what-is-lead-management/how-to-generate-leads/#:~:text=Strategies%20for%20how%20to%20generate,%2Dperson%20networking%20works%2C%20too."
The Top 23 Best Lead Generation Tools of 2026,https://www.salesforce.com/marketing/lead-generation-guide/best-lead-generation-tools/
Best Lead Generation Tools 2026 | Compare 40 Systems,https://businesswith.com/lead-generation-tools/
Free Lead Generator Tool for Small & Medium Business,https://www.convergehub.com/lead-generator-free-tool
Any recommendations out there for best lead generation ...,https://www.reddit.com/r/Entrepreneur/comments/1kwjut6/any_recommendations_out_there_for_best_lead/
The Mega List of 31 Best B2B Lead Generation Tools & ...,https://www.cognism.com/blog/lead-generation-tools
Top 22 lead generation software and tools,https://www.zendesk.com/sell/features/lead-generation-software/
Leadfeeder: B2B Lead Generation Software,https://www.leadfeeder.com/
12 Best Tools for Automated Lead Generation [2026],https://wisepops.com/blog/automated-lead-generation
Seamless.AI - Best AI Sales Software & Business Leads Platform,https://seamless.ai/
Top 25+ Lead Generation Tools & Software in 2026,https://qualaroo.com/blog/best-lead-generation-tools/
Best Lead Generation Tools: 6 Platforms Actually Worth ...,https://optinmonster.com/best-lead-generation-tools/
FindThatLead - B2B Lead Generation Done in seconds,https://findthatlead.com/en/
20 Best Lead Generation Software for 2026 (Paid & Free),https://www.optimonk.com/best-lead-generation-software/
Leadinfo - Know which company visits your website,https://www.leadinfo.com/
5 AI Lead Generation Tools or Software To Generate Leads,https://www.salesforge.ai/de/blog/ai-lead-generation-tools
Waalaxy = The perfect Tool for Lead Generation on LinkedIn,https://www.waalaxy.com/
Landing Page Builder for Lead Generation,https://www.leadpages.com/?srsltid=AfmBOoqooh10rJ7YHbuKJugCeQFPCbc4aMEdradDo7Jh4SiWKhCNKB2O
Best Lead Generation Tools 2026,https://www.taboola.com/marketing-hub/lead-generation-tools/
20 Lead Generation Tools for Small Businesses,https://www.podium.com/article/lead-generation-tools-to-drive-revenue
Instantly.ai - Sales Engagement & Lead Intelligence,https://instantly.ai/
B2B Lead Generation Tool,https://www.apollo.io/product/lead-generation
#1 Linkedin Automation Tool,https://expandi.io/
PhantomBuster | Real-time sales prospecting,https://phantombuster.com/
Top 10 B2B Lead Generation Tools in 2026,https://www.smartlead.ai/blog/b2b-lead-generation-tools
Meet Alfred: LinkedIn Automation Tool for Multi-Channel ...,https://meetalfred.com/
25+ Best Lead Generation Software For Sales Reps & ...,https://www.kaspr.io/blog/lead-generation-software
Sales Lead | Lead Generation Tools,https://www.pipedrive.com/en/blog/sales-lead-generation
